,0
A,0
AAL,0
AAPL,0
ABBV,0
ABNB,7
ABT,0
ACGL,0
ACN,0
ADBE,0
ADI,1
ADM,0
ADP,0
ADSK,0
AEE,1
AEP,0
AES,0
AFL,0
AIG,0
AIZ,1
AJG,0
AKAM,0
ALB,2
ALGN,13
ALK,0
ALL,0
ALLE,1
AMAT,0
AMCR,0
AMD,0
AME,0
AMGN,0
AMP,0
AMT,3
AMZN,0
ANET,0
ANSS,4
AON,1
AOS,7
APA,0
APD,2
APH,0
APTV,6
ARE,50
ATO,1
AVB,1
AVGO,0
AVY,0
AWK,24
AXON,0
AXP,0
AZO,0
BA,20
BAC,0
BALL,4
BAX,0
BBWI,5
BBY,0
BDX,0
BEN,0
BF.B,0
BG,0
BIIB,1
BIO,0
BK,10
BKNG,0
BKR,0
BLK,0
BMY,0
BR,0
BRK.B,0
BRO,0
BSX,0
BWA,12
BX,0
BXP,0
C,0
CAG,0
CAH,0
CARR,0
CAT,0
CB,0
CBOE,0
CBRE,0
CCI,0
CCL,0
CDAY,0
CDNS,0
CDW,0
CE,0
CEG,0
CF,0
CFG,41
CHD,0
CHRW,0
CHTR,0
CI,0
CINF,15
CL,0
CLX,0
CMA,17
CMCSA,0
CME,0
CMG,0
CMI,0
CMS,1
CNC,3
CNP,1
COF,0
COO,0
COP,0
COR,0
COST,0
CPB,0
CPRT,0
CPT,12
CRL,31
CRM,13
CSCO,0
CSGP,0
CSX,2
CTAS,0
CTLT,54
CTRA,0
CTSH,0
CTVA,0
CVS,36
CVX,0
CZR,0
D,0
DAL,0
DD,0
DE,0
DFS,0
DG,0
DGX,0
DHI,0
DHR,0
DIS,0
DLR,0
DLTR,0
DOV,4
DOW,0
DPZ,0
DRI,0
DTE,0
DUK,0
DVA,0
DVN,16
DXCM,4
EA,0
EBAY,21
ECL,0
ED,2
EFX,7
EG,0
EIX,0
EL,0
ELV,2
EMN,2
EMR,0
ENPH,0
EOG,0
EPAM,4
EQIX,0
EQR,0
EQT,0
ES,0
ESS,0
ETN,0
ETR,0
ETSY,0
EVRG,18
EW,0
EXC,2
EXPD,0
EXPE,0
EXR,0
F,23
FANG,0
FAST,0
FCX,0
FDS,0
FDX,0
FE,0
FFIV,0
FI,1
FICO,0
FIS,18
FITB,39
FLT,0
FMC,0
FOX,0
FOXA,0
FRT,0
FSLR,0
FTNT,0
FTV,0
GD,1
GE,0
GEHC,0
GEN,0
GILD,0
GIS,0
GL,0
GLW,0
GM,0
GNRC,27
GOOG,0
GOOGL,0
GPC,9
GPN,0
GRMN,3
GS,0
GWW,19
HAL,0
HAS,0
HBAN,27
HCA,0
HD,0
HES,0
HIG,0
HII,0
HLT,5
HOLX,0
HON,0
HPE,0
HPQ,0
HRL,57
HSIC,10
HST,0
HSY,0
HUBB,0
HUM,9
HWM,0
IBM,0
ICE,5
IDXX,18
IEX,0
IFF,0
ILMN,0
INCY,0
INTC,0
INTU,0
INVH,0
IP,0
IPG,0
IQV,0
IR,0
IRM,0
ISRG,0
IT,10
ITW,2
IVZ,0
J,0
JBHT,0
JCI,0
JKHY,0
JNJ,2
JNPR,0
JPM,0
K,0
KDP,0
KEY,47
KEYS,0
KHC,0
KIM,0
KLAC,0
KMB,0
KMI,0
KMX,0
KO,11
KR,0
KVUE,0
L,0
LDOS,22
LEN,0
LH,0
LHX,0
LIN,0
LKQ,11
LLY,0
LMT,14
LNT,1
LOW,0
LRCX,0
LULU,0
LUV,0
LVS,0
LW,0
LYB,0
LYV,0
MA,0
MAA,15
MAR,0
MAS,0
MCD,0
MCHP,6
MCK,0
MCO,0
MDLZ,0
MDT,0
MET,0
META,0
MGM,4
MHK,2
MKC,0
MKTX,0
MLM,0
MMC,0
MMM,8
MNST,0
MO,10
MOH,0
MOS,0
MPC,0
MPWR,4
MRK,0
MRNA,0
MRO,0
MS,12
MSCI,0
MSFT,0
MSI,2
MTB,0
MTCH,0
MTD,0
MU,0
NCLH,2
NDAQ,5
NDSN,0
NEE,22
NEM,0
NFLX,0
NI,8
NKE,0
NOC,4
NOW,0
NRG,11
NSC,0
NTAP,0
NTRS,0
NUE,0
NVDA,0
NVR,0
NWS,0
NWSA,0
NXPI,0
O,1
ODFL,0
OKE,0
OMC,0
ON,0
ORCL,0
ORLY,0
OTIS,0
OXY,0
PANW,0
PARA,0
PAYC,22
PAYX,0
PCAR,0
PCG,0
PEAK,61
PEG,1
PEP,0
PFE,6
PFG,0
PG,0
PGR,7
PH,0
PHM,0
PKG,0
PLD,18
PM,0
PNC,34
PNR,0
PNW,0
PODD,0
POOL,4
PPG,0
PPL,0
PRU,0
PSA,12
PSX,0
PTC,0
PWR,0
PXD,0
PYPL,0
QCOM,0
QRVO,0
RCL,0
REG,0
REGN,0
RF,0
RHI,19
RJF,0
RL,0
RMD,0
ROK,10
ROL,0
ROP,0
ROST,0
RSG,0
RTX,0
RVTY,13
SBAC,0
SBUX,0
SCHW,0
SEDG,0
SEE,0
SHW,0
SJM,37
SLB,0
SNA,0
SNPS,0
SO,0
SPG,0
SPGI,0
SRE,0
STE,0
STLD,21
STT,24
STX,0
STZ,0
SWK,0
SWKS,0
SYF,0
SYK,0
SYY,0
T,0
TAP,0
TDG,0
TDY,1
TECH,7
TEL,1
TER,0
TFC,46
TFX,0
TGT,0
TJX,0
TMO,10
TMUS,1
TPR,0
TRGP,0
TRMB,7
TROW,14
TRV,0
TSCO,0
TSLA,0
TSN,0
TT,0
TTWO,0
TXN,7
TXT,0
TYL,0
UAL,0
UDR,11
UHS,0
ULTA,0
UNH,0
UNP,1
UPS,13
URI,0
USB,0
V,0
VFC,22
VICI,2
VLO,0
VLTO,0
VMC,0
VRSK,0
VRSN,0
VRTX,0
VTR,0
VTRS,0
VZ,0
WAB,0
WAT,0
WBA,0
WBD,0
WDC,0
WEC,0
WELL,0
WFC,0
WHR,8
WM,0
WMB,0
WMT,0
WRB,0
WRK,0
WST,12
WTW,0
WY,0
WYNN,0
XEL,0
XOM,0
XRAY,11
XYL,0
YUM,0
ZBH,0
ZBRA,0
ZION,25
ZTS,1
A.1,0
AAL.1,0
AAPL.1,0
ABBV.1,0
ABNB.1,7
ABT.1,0
ACGL.1,0
ACN.1,0
ADBE.1,0
ADI.1,1
ADM.1,0
ADP.1,0
ADSK.1,0
AEE.1,0
AEP.1,0
AES.1,0
AFL.1,0
AIG.1,0
AIZ.1,1
AJG.1,0
AKAM.1,0
ALB.1,3
ALGN.1,13
ALK.1,0
ALL.1,0
ALLE.1,0
AMAT.1,0
AMCR.1,0
AMD.1,0
AME.1,0
AMGN.1,0
AMP.1,0
AMT.1,2
AMZN.1,0
ANET.1,0
ANSS.1,4
AON.1,1
AOS.1,6
APA.1,0
APD.1,5
APH.1,0
APTV.1,6
ARE.1,54
ATO.1,2
AVB.1,0
AVGO.1,0
AVY.1,0
AWK.1,21
AXON.1,0
AXP.1,0
AZO.1,0
BA.1,20
BAC.1,0
BALL.1,4
BAX.1,0
BBWI.1,9
BBY.1,0
BDX.1,2
BEN.1,1
BF.B.1,0
BG.1,0
BIIB.1,1
BIO.1,0
BK.1,18
BKNG.1,0
BKR.1,0
BLK.1,0
BMY.1,0
BR.1,0
BRK.B.1,0
BRO.1,0
BSX.1,0
BWA.1,11
BX.1,0
BXP.1,0
C.1,0
CAG.1,0
CAH.1,0
CARR.1,0
CAT.1,0
CB.1,0
CBOE.1,0
CBRE.1,0
CCI.1,0
CCL.1,0
CDAY.1,0
CDNS.1,0
CDW.1,0
CE.1,0
CEG.1,0
CF.1,0
CFG.1,43
CHD.1,0
CHRW.1,0
CHTR.1,0
CI.1,0
CINF.1,18
CL.1,2
CLX.1,4
CMA.1,27
CMCSA.1,0
CME.1,0
CMG.1,0
CMI.1,0
CMS.1,0
CNC.1,3
CNP.1,0
COF.1,0
COO.1,0
COP.1,0
COR.1,0
COST.1,0
CPB.1,0
CPRT.1,0
CPT.1,14
CRL.1,31
CRM.1,13
CSCO.1,0
CSGP.1,0
CSX.1,0
CTAS.1,0
CTLT.1,54
CTRA.1,0
CTSH.1,0
CTVA.1,0
CVS.1,31
CVX.1,1
CZR.1,0
D.1,0
DAL.1,0
DD.1,0
DE.1,0
DFS.1,0
DG.1,0
DGX.1,0
DHI.1,0
DHR.1,0
DIS.1,0
DLR.1,0
DLTR.1,0
DOV.1,4
DOW.1,0
DPZ.1,0
DRI.1,0
DTE.1,0
DUK.1,0
DVA.1,0
DVN.1,20
DXCM.1,4
EA.1,0
EBAY.1,15
ECL.1,0
ED.1,1
EFX.1,7
EG.1,0
EIX.1,4
EL.1,0
ELV.1,2
EMN.1,4
EMR.1,0
ENPH.1,0
EOG.1,0
EPAM.1,4
EQIX.1,0
EQR.1,0
EQT.1,0
ES.1,0
ESS.1,0
ETN.1,0
ETR.1,0
ETSY.1,0
EVRG.1,0
EW.1,0
EXC.1,1
EXPD.1,0
EXPE.1,0
EXR.1,0
F.1,23
FANG.1,0
FAST.1,1
FCX.1,0
FDS.1,0
FDX.1,0
FE.1,0
FFIV.1,0
FI.1,1
FICO.1,0
FIS.1,28
FITB.1,43
FLT.1,0
FMC.1,0
FOX.1,0
FOXA.1,0
FRT.1,0
FSLR.1,0
FTNT.1,0
FTV.1,0
GD.1,0
GE.1,0
GEHC.1,0
GEN.1,0
GILD.1,0
GIS.1,0
GL.1,0
GLW.1,0
GM.1,0
GNRC.1,27
GOOG.1,0
GOOGL.1,0
GPC.1,9
GPN.1,0
GRMN.1,3
GS.1,0
GWW.1,19
HAL.1,0
HAS.1,0
HBAN.1,34
HCA.1,0
HD.1,0
HES.1,0
HIG.1,0
HII.1,0
HLT.1,6
HOLX.1,0
HON.1,0
HPE.1,0
HPQ.1,0
HRL.1,65
HSIC.1,10
HST.1,0
HSY.1,0
HUBB.1,0
HUM.1,9
HWM.1,0
IBM.1,0
ICE.1,9
IDXX.1,18
IEX.1,0
IFF.1,0
ILMN.1,0
INCY.1,0
INTC.1,1
INTU.1,0
INVH.1,0
IP.1,1
IPG.1,0
IQV.1,0
IR.1,0
IRM.1,0
ISRG.1,0
IT.1,10
ITW.1,2
IVZ.1,0
J.1,0
JBHT.1,0
JCI.1,0
JKHY.1,0
JNJ.1,3
JNPR.1,0
JPM.1,1
K.1,0
KDP.1,0
KEY.1,47
KEYS.1,0
KHC.1,0
KIM.1,0
KLAC.1,0
KMB.1,0
KMI.1,1
KMX.1,0
KO.1,17
KR.1,0
KVUE.1,0
L.1,0
LDOS.1,15
LEN.1,0
LH.1,0
LHX.1,0
LIN.1,1
LKQ.1,7
LLY.1,0
LMT.1,9
LNT.1,0
LOW.1,0
LRCX.1,0
LULU.1,0
LUV.1,0
LVS.1,0
LW.1,0
LYB.1,0
LYV.1,0
MA.1,0
MAA.1,20
MAR.1,0
MAS.1,0
MCD.1,0
MCHP.1,4
MCK.1,0
MCO.1,0
MDLZ.1,0
MDT.1,0
MET.1,0
META.1,0
MGM.1,4
MHK.1,2
MKC.1,0
MKTX.1,0
MLM.1,0
MMC.1,0
MMM.1,15
MNST.1,0
MO.1,3
MOH.1,0
MOS.1,0
MPC.1,0
MPWR.1,4
MRK.1,0
MRNA.1,0
MRO.1,0
MS.1,12
MSCI.1,0
MSFT.1,0
MSI.1,2
MTB.1,0
MTCH.1,0
MTD.1,0
MU.1,0
NCLH.1,2
NDAQ.1,2
NDSN.1,0
NEE.1,20
NEM.1,0
NFLX.1,0
NI.1,10
NKE.1,0
NOC.1,4
NOW.1,0
NRG.1,11
NSC.1,0
NTAP.1,0
NTRS.1,0
NUE.1,0
NVDA.1,0
NVR.1,0
NWS.1,0
NWSA.1,0
NXPI.1,0
O.1,1
ODFL.1,0
OKE.1,0
OMC.1,0
ON.1,0
ORCL.1,0
ORLY.1,0
OTIS.1,0
OXY.1,0
PANW.1,0
PARA.1,0
PAYC.1,21
PAYX.1,0
PCAR.1,0
PCG.1,0
PEAK.1,58
PEG.1,7
PEP.1,0
PFE.1,5
PFG.1,4
PG.1,0
PGR.1,6
PH.1,0
PHM.1,0
PKG.1,0
PLD.1,25
PM.1,0
PNC.1,38
PNR.1,0
PNW.1,0
PODD.1,0
POOL.1,2
PPG.1,0
PPL.1,0
PRU.1,0
PSA.1,7
PSX.1,0
PTC.1,0
PWR.1,0
PXD.1,0
PYPL.1,0
QCOM.1,0
QRVO.1,0
RCL.1,0
REG.1,0
REGN.1,0
RF.1,0
RHI.1,18
RJF.1,0
RL.1,0
RMD.1,0
ROK.1,15
ROL.1,0
ROP.1,0
ROST.1,0
RSG.1,0
RTX.1,0
RVTY.1,13
SBAC.1,0
SBUX.1,0
SCHW.1,1
SEDG.1,0
SEE.1,0
SHW.1,0
SJM.1,35
SLB.1,0
SNA.1,0
SNPS.1,0
SO.1,0
SPG.1,0
SPGI.1,0
SRE.1,0
STE.1,0
STLD.1,24
STT.1,26
STX.1,1
STZ.1,0
SWK.1,0
SWKS.1,0
SYF.1,0
SYK.1,0
SYY.1,0
T.1,0
TAP.1,0
TDG.1,0
TDY.1,1
TECH.1,7
TEL.1,1
TER.1,0
TFC.1,46
TFX.1,0
TGT.1,0
TJX.1,0
TMO.1,10
TMUS.1,1
TPR.1,0
TRGP.1,0
TRMB.1,7
TROW.1,16
TRV.1,0
TSCO.1,0
TSLA.1,0
TSN.1,0
TT.1,0
TTWO.1,0
TXN.1,7
TXT.1,0
TYL.1,0
UAL.1,0
UDR.1,11
UHS.1,0
ULTA.1,0
UNH.1,0
UNP.1,5
UPS.1,7
URI.1,0
USB.1,1
V.1,0
VFC.1,21
VICI.1,2
VLO.1,0
VLTO.1,0
VMC.1,0
VRSK.1,0
VRSN.1,0
VRTX.1,0
VTR.1,0
VTRS.1,0
VZ.1,0
WAB.1,0
WAT.1,0
WBA.1,0
WBD.1,0
WDC.1,0
WEC.1,0
WELL.1,0
WFC.1,0
WHR.1,9
WM.1,0
WMB.1,0
WMT.1,0
WRB.1,0
WRK.1,0
WST.1,12
WTW.1,0
WY.1,0
WYNN.1,0
XEL.1,0
XOM.1,0
XRAY.1,10
XYL.1,0
YUM.1,0
ZBH.1,0
ZBRA.1,0
ZION.1,34
ZTS.1,1
A.2,0
AAL.2,0
AAPL.2,0
ABBV.2,0
ABNB.2,7
ABT.2,0
ACGL.2,0
ACN.2,0
ADBE.2,0
ADI.2,0
ADM.2,0
ADP.2,0
ADSK.2,1
AEE.2,0
AEP.2,0
AES.2,0
AFL.2,0
AIG.2,0
AIZ.2,2
AJG.2,0
AKAM.2,0
ALB.2,0
ALGN.2,16
ALK.2,0
ALL.2,0
ALLE.2,0
AMAT.2,0
AMCR.2,0
AMD.2,0
AME.2,0
AMGN.2,0
AMP.2,0
AMT.2,3
AMZN.2,0
ANET.2,0
ANSS.2,5
AON.2,1
AOS.2,8
APA.2,0
APD.2,4
APH.2,0
APTV.2,5
ARE.2,57
ATO.2,3
AVB.2,0
AVGO.2,0
AVY.2,0
AWK.2,24
AXON.2,0
AXP.2,0
AZO.2,0
BA.2,20
BAC.2,1
BALL.2,2
BAX.2,0
BBWI.2,11
BBY.2,0
BDX.2,4
BEN.2,0
BF.B.2,0
BG.2,0
BIIB.2,1
BIO.2,0
BK.2,26
BKNG.2,0
BKR.2,0
BLK.2,0
BMY.2,0
BR.2,0
BRK.B.2,0
BRO.2,0
BSX.2,0
BWA.2,11
BX.2,0
BXP.2,0
C.2,0
CAG.2,0
CAH.2,0
CARR.2,0
CAT.2,0
CB.2,0
CBOE.2,0
CBRE.2,0
CCI.2,0
CCL.2,0
CDAY.2,0
CDNS.2,0
CDW.2,0
CE.2,0
CEG.2,0
CF.2,0
CFG.2,38
CHD.2,0
CHRW.2,0
CHTR.2,0
CI.2,0
CINF.2,17
CL.2,0
CLX.2,3
CMA.2,30
CMCSA.2,0
CME.2,0
CMG.2,0
CMI.2,0
CMS.2,0
CNC.2,9
CNP.2,0
COF.2,0
COO.2,0
COP.2,0
COR.2,0
COST.2,0
CPB.2,0
CPRT.2,0
CPT.2,13
CRL.2,30
CRM.2,13
CSCO.2,0
CSGP.2,0
CSX.2,0
CTAS.2,0
CTLT.2,46
CTRA.2,0
CTSH.2,0
CTVA.2,0
CVS.2,31
CVX.2,1
CZR.2,0
D.2,0
DAL.2,0
DD.2,0
DE.2,0
DFS.2,0
DG.2,0
DGX.2,0
DHI.2,0
DHR.2,0
DIS.2,0
DLR.2,0
DLTR.2,0
DOV.2,3
DOW.2,0
DPZ.2,0
DRI.2,0
DTE.2,0
DUK.2,0
DVA.2,0
DVN.2,19
DXCM.2,4
EA.2,0
EBAY.2,23
ECL.2,0
ED.2,0
EFX.2,6
EG.2,0
EIX.2,4
EL.2,0
ELV.2,0
EMN.2,4
EMR.2,0
ENPH.2,0
EOG.2,0
EPAM.2,4
EQIX.2,0
EQR.2,0
EQT.2,0
ES.2,0
ESS.2,0
ETN.2,0
ETR.2,0
ETSY.2,0
EVRG.2,0
EW.2,0
EXC.2,1
EXPD.2,0
EXPE.2,0
EXR.2,0
F.2,19
FANG.2,0
FAST.2,0
FCX.2,0
FDS.2,0
FDX.2,0
FE.2,0
FFIV.2,0
FI.2,2
FICO.2,0
FIS.2,19
FITB.2,43
FLT.2,0
FMC.2,0
FOX.2,0
FOXA.2,0
FRT.2,0
FSLR.2,0
FTNT.2,0
FTV.2,0
GD.2,0
GE.2,0
GEHC.2,0
GEN.2,0
GILD.2,0
GIS.2,0
GL.2,0
GLW.2,0
GM.2,0
GNRC.2,27
GOOG.2,0
GOOGL.2,0
GPC.2,8
GPN.2,0
GRMN.2,3
GS.2,0
GWW.2,23
HAL.2,0
HAS.2,0
HBAN.2,29
HCA.2,0
HD.2,0
HES.2,0
HIG.2,0
HII.2,0
HLT.2,4
HOLX.2,0
HON.2,0
HPE.2,0
HPQ.2,0
HRL.2,64
HSIC.2,8
HST.2,1
HSY.2,0
HUBB.2,0
HUM.2,9
HWM.2,0
IBM.2,0
ICE.2,7
IDXX.2,17
IEX.2,0
IFF.2,0
ILMN.2,0
INCY.2,0
INTC.2,0
INTU.2,0
INVH.2,0
IP.2,2
IPG.2,0
IQV.2,0
IR.2,0
IRM.2,0
ISRG.2,0
IT.2,10
ITW.2,1
IVZ.2,0
J.2,0
JBHT.2,0
JCI.2,0
JKHY.2,0
JNJ.2,4
JNPR.2,0
JPM.2,1
K.2,0
KDP.2,0
KEY.2,47
KEYS.2,0
KHC.2,0
KIM.2,0
KLAC.2,0
KMB.2,0
KMI.2,2
KMX.2,0
KO.2,15
KR.2,0
KVUE.2,0
L.2,0
LDOS.2,17
LEN.2,0
LH.2,0
LHX.2,0
LIN.2,1
LKQ.2,5
LLY.2,0
LMT.2,10
LNT.2,0
LOW.2,0
LRCX.2,0
LULU.2,0
LUV.2,3
LVS.2,0
LW.2,0
LYB.2,0
LYV.2,0
MA.2,0
MAA.2,18
MAR.2,0
MAS.2,0
MCD.2,0
MCHP.2,2
MCK.2,0
MCO.2,0
MDLZ.2,0
MDT.2,0
MET.2,0
META.2,0
MGM.2,5
MHK.2,2
MKC.2,0
MKTX.2,0
MLM.2,0
MMC.2,0
MMM.2,17
MNST.2,0
MO.2,4
MOH.2,0
MOS.2,0
MPC.2,0
MPWR.2,4
MRK.2,0
MRNA.2,0
MRO.2,0
MS.2,12
MSCI.2,0
MSFT.2,0
MSI.2,0
MTB.2,0
MTCH.2,0
MTD.2,0
MU.2,0
NCLH.2,3
NDAQ.2,3
NDSN.2,0
NEE.2,18
NEM.2,0
NFLX.2,0
NI.2,10
NKE.2,0
NOC.2,5
NOW.2,0
NRG.2,11
NSC.2,0
NTAP.2,0
NTRS.2,0
NUE.2,0
NVDA.2,0
NVR.2,0
NWS.2,0
NWSA.2,0
NXPI.2,0
O.2,0
ODFL.2,0
OKE.2,2
OMC.2,0
ON.2,0
ORCL.2,0
ORLY.2,0
OTIS.2,0
OXY.2,0
PANW.2,0
PARA.2,0
PAYC.2,18
PAYX.2,0
PCAR.2,0
PCG.2,0
PEAK.2,54
PEG.2,4
PEP.2,0
PFE.2,6
PFG.2,0
PG.2,0
PGR.2,8
PH.2,0
PHM.2,0
PKG.2,0
PLD.2,31
PM.2,0
PNC.2,41
PNR.2,0
PNW.2,0
PODD.2,0
POOL.2,2
PPG.2,0
PPL.2,0
PRU.2,0
PSA.2,6
PSX.2,0
PTC.2,0
PWR.2,0
PXD.2,0
PYPL.2,0
QCOM.2,0
QRVO.2,0
RCL.2,0
REG.2,0
REGN.2,0
RF.2,0
RHI.2,10
RJF.2,0
RL.2,1
RMD.2,0
ROK.2,9
ROL.2,0
ROP.2,0
ROST.2,0
RSG.2,0
RTX.2,0
RVTY.2,12
SBAC.2,0
SBUX.2,0
SCHW.2,3
SEDG.2,0
SEE.2,0
SHW.2,0
SJM.2,35
SLB.2,0
SNA.2,0
SNPS.2,0
SO.2,0
SPG.2,0
SPGI.2,0
SRE.2,0
STE.2,0
STLD.2,28
STT.2,20
STX.2,0
STZ.2,0
SWK.2,0
SWKS.2,0
SYF.2,0
SYK.2,0
SYY.2,0
T.2,0
TAP.2,0
TDG.2,0
TDY.2,0
TECH.2,4
TEL.2,2
TER.2,0
TFC.2,46
TFX.2,0
TGT.2,0
TJX.2,0
TMO.2,9
TMUS.2,1
TPR.2,0
TRGP.2,0
TRMB.2,5
TROW.2,20
TRV.2,0
TSCO.2,0
TSLA.2,0
TSN.2,0
TT.2,0
TTWO.2,0
TXN.2,6
TXT.2,0
TYL.2,0
UAL.2,0
UDR.2,11
UHS.2,0
ULTA.2,0
UNH.2,0
UNP.2,9
UPS.2,11
URI.2,0
USB.2,11
V.2,0
VFC.2,24
VICI.2,0
VLO.2,0
VLTO.2,0
VMC.2,0
VRSK.2,0
VRSN.2,0
VRTX.2,0
VTR.2,0
VTRS.2,0
VZ.2,0
WAB.2,0
WAT.2,0
WBA.2,0
WBD.2,0
WDC.2,0
WEC.2,0
WELL.2,0
WFC.2,0
WHR.2,7
WM.2,0
WMB.2,0
WMT.2,0
WRB.2,0
WRK.2,0
WST.2,15
WTW.2,0
WY.2,0
WYNN.2,0
XEL.2,0
XOM.2,0
XRAY.2,10
XYL.2,0
YUM.2,0
ZBH.2,0
ZBRA.2,0
ZION.2,33
ZTS.2,0
A.3,0
AAL.3,0
AAPL.3,4
ABBV.3,0
ABNB.3,8
ABT.3,0
ACGL.3,0
ACN.3,0
ADBE.3,0
ADI.3,0
ADM.3,0
ADP.3,0
ADSK.3,0
AEE.3,2
AEP.3,0
AES.3,0
AFL.3,0
AIG.3,0
AIZ.3,0
AJG.3,0
AKAM.3,0
ALB.3,3
ALGN.3,16
ALK.3,0
ALL.3,0
ALLE.3,0
AMAT.3,0
AMCR.3,0
AMD.3,0
AME.3,0
AMGN.3,0
AMP.3,0
AMT.3,1
AMZN.3,0
ANET.3,0
ANSS.3,3
AON.3,1
AOS.3,3
APA.3,0
APD.3,5
APH.3,0
APTV.3,7
ARE.3,57
ATO.3,3
AVB.3,0
AVGO.3,0
AVY.3,0
AWK.3,25
AXON.3,0
AXP.3,0
AZO.3,0
BA.3,17
BAC.3,0
BALL.3,5
BAX.3,0
BBWI.3,2
BBY.3,0
BDX.3,2
BEN.3,0
BF.B.3,0
BG.3,0
BIIB.3,4
BIO.3,0
BK.3,17
BKNG.3,0
BKR.3,0
BLK.3,0
BMY.3,0
BR.3,0
BRK.B.3,0
BRO.3,0
BSX.3,0
BWA.3,11
BX.3,0
BXP.3,0
C.3,0
CAG.3,0
CAH.3,0
CARR.3,0
CAT.3,0
CB.3,0
CBOE.3,0
CBRE.3,0
CCI.3,0
CCL.3,0
CDAY.3,0
CDNS.3,0
CDW.3,0
CE.3,0
CEG.3,0
CF.3,0
CFG.3,43
CHD.3,0
CHRW.3,0
CHTR.3,0
CI.3,0
CINF.3,18
CL.3,0
CLX.3,4
CMA.3,28
CMCSA.3,0
CME.3,0
CMG.3,0
CMI.3,0
CMS.3,1
CNC.3,3
CNP.3,0
COF.3,0
COO.3,0
COP.3,0
COR.3,0
COST.3,0
CPB.3,0
CPRT.3,0
CPT.3,15
CRL.3,25
CRM.3,14
CSCO.3,0
CSGP.3,0
CSX.3,1
CTAS.3,0
CTLT.3,47
CTRA.3,0
CTSH.3,0
CTVA.3,0
CVS.3,35
CVX.3,1
CZR.3,0
D.3,0
DAL.3,0
DD.3,0
DE.3,0
DFS.3,0
DG.3,0
DGX.3,0
DHI.3,0
DHR.3,0
DIS.3,0
DLR.3,0
DLTR.3,0
DOV.3,2
DOW.3,0
DPZ.3,0
DRI.3,0
DTE.3,1
DUK.3,0
DVA.3,0
DVN.3,17
DXCM.3,5
EA.3,0
EBAY.3,23
ECL.3,0
ED.3,2
EFX.3,14
EG.3,0
EIX.3,2
EL.3,0
ELV.3,0
EMN.3,3
EMR.3,0
ENPH.3,0
EOG.3,0
EPAM.3,0
EQIX.3,0
EQR.3,0
EQT.3,0
ES.3,0
ESS.3,0
ETN.3,0
ETR.3,0
ETSY.3,0
EVRG.3,0
EW.3,0
EXC.3,4
EXPD.3,0
EXPE.3,0
EXR.3,0
F.3,22
FANG.3,0
FAST.3,0
FCX.3,0
FDS.3,0
FDX.3,0
FE.3,0
FFIV.3,0
FI.3,1
FICO.3,0
FIS.3,20
FITB.3,39
FLT.3,0
FMC.3,0
FOX.3,0
FOXA.3,0
FRT.3,0
FSLR.3,0
FTNT.3,0
FTV.3,0
GD.3,0
GE.3,0
GEHC.3,0
GEN.3,0
GILD.3,0
GIS.3,0
GL.3,0
GLW.3,1
GM.3,0
GNRC.3,24
GOOG.3,0
GOOGL.3,0
GPC.3,10
GPN.3,0
GRMN.3,4
GS.3,0
GWW.3,23
HAL.3,0
HAS.3,0
HBAN.3,30
HCA.3,0
HD.3,0
HES.3,0
HIG.3,0
HII.3,0
HLT.3,6
HOLX.3,0
HON.3,0
HPE.3,0
HPQ.3,0
HRL.3,65
HSIC.3,10
HST.3,2
HSY.3,0
HUBB.3,0
HUM.3,10
HWM.3,0
IBM.3,0
ICE.3,8
IDXX.3,17
IEX.3,0
IFF.3,0
ILMN.3,1
INCY.3,0
INTC.3,0
INTU.3,0
INVH.3,0
IP.3,0
IPG.3,0
IQV.3,0
IR.3,0
IRM.3,0
ISRG.3,0
IT.3,8
ITW.3,2
IVZ.3,0
J.3,0
JBHT.3,0
JCI.3,0
JKHY.3,0
JNJ.3,3
JNPR.3,0
JPM.3,0
K.3,0
KDP.3,0
KEY.3,46
KEYS.3,0
KHC.3,0
KIM.3,0
KLAC.3,0
KMB.3,0
KMI.3,3
KMX.3,0
KO.3,15
KR.3,0
KVUE.3,0
L.3,0
LDOS.3,17
LEN.3,0
LH.3,0
LHX.3,0
LIN.3,1
LKQ.3,11
LLY.3,0
LMT.3,11
LNT.3,1
LOW.3,0
LRCX.3,0
LULU.3,0
LUV.3,0
LVS.3,0
LW.3,0
LYB.3,0
LYV.3,0
MA.3,0
MAA.3,22
MAR.3,0
MAS.3,0
MCD.3,0
MCHP.3,2
MCK.3,0
MCO.3,0
MDLZ.3,0
MDT.3,0
MET.3,0
META.3,0
MGM.3,3
MHK.3,10
MKC.3,0
MKTX.3,0
MLM.3,0
MMC.3,0
MMM.3,13
MNST.3,0
MO.3,13
MOH.3,1
MOS.3,0
MPC.3,0
MPWR.3,4
MRK.3,1
MRNA.3,0
MRO.3,0
MS.3,22
MSCI.3,0
MSFT.3,0
MSI.3,0
MTB.3,0
MTCH.3,0
MTD.3,0
MU.3,0
NCLH.3,0
NDAQ.3,3
NDSN.3,0
NEE.3,22
NEM.3,0
NFLX.3,0
NI.3,11
NKE.3,0
NOC.3,4
NOW.3,0
NRG.3,9
NSC.3,0
NTAP.3,0
NTRS.3,0
NUE.3,0
NVDA.3,0
NVR.3,0
NWS.3,0
NWSA.3,0
NXPI.3,0
O.3,2
ODFL.3,0
OKE.3,0
OMC.3,0
ON.3,0
ORCL.3,0
ORLY.3,0
OTIS.3,0
OXY.3,0
PANW.3,0
PARA.3,0
PAYC.3,19
PAYX.3,0
PCAR.3,0
PCG.3,0
PEAK.3,60
PEG.3,7
PEP.3,0
PFE.3,5
PFG.3,3
PG.3,0
PGR.3,7
PH.3,0
PHM.3,0
PKG.3,0
PLD.3,23
PM.3,0
PNC.3,38
PNR.3,0
PNW.3,0
PODD.3,0
POOL.3,4
PPG.3,0
PPL.3,0
PRU.3,0
PSA.3,8
PSX.3,0
PTC.3,0
PWR.3,0
PXD.3,0
PYPL.3,0
QCOM.3,0
QRVO.3,0
RCL.3,0
REG.3,0
REGN.3,0
RF.3,0
RHI.3,15
RJF.3,0
RL.3,2
RMD.3,0
ROK.3,12
ROL.3,0
ROP.3,0
ROST.3,0
RSG.3,0
RTX.3,0
RVTY.3,14
SBAC.3,0
SBUX.3,0
SCHW.3,0
SEDG.3,0
SEE.3,0
SHW.3,0
SJM.3,35
SLB.3,0
SNA.3,0
SNPS.3,0
SO.3,0
SPG.3,0
SPGI.3,0
SRE.3,0
STE.3,0
STLD.3,21
STT.3,23
STX.3,1
STZ.3,0
SWK.3,0
SWKS.3,0
SYF.3,0
SYK.3,0
SYY.3,0
T.3,0
TAP.3,0
TDG.3,0
TDY.3,0
TECH.3,10
TEL.3,0
TER.3,0
TFC.3,46
TFX.3,0
TGT.3,0
TJX.3,0
TMO.3,10
TMUS.3,2
TPR.3,0
TRGP.3,0
TRMB.3,7
TROW.3,17
TRV.3,0
TSCO.3,0
TSLA.3,0
TSN.3,0
TT.3,0
TTWO.3,0
TXN.3,9
TXT.3,0
TYL.3,0
UAL.3,0
UDR.3,15
UHS.3,0
ULTA.3,0
UNH.3,0
UNP.3,10
UPS.3,13
URI.3,0
USB.3,15
V.3,0
VFC.3,18
VICI.3,2
VLO.3,0
VLTO.3,0
VMC.3,0
VRSK.3,0
VRSN.3,0
VRTX.3,0
VTR.3,0
VTRS.3,0
VZ.3,0
WAB.3,0
WAT.3,0
WBA.3,0
WBD.3,0
WDC.3,0
WEC.3,0
WELL.3,0
WFC.3,0
WHR.3,9
WM.3,0
WMB.3,0
WMT.3,0
WRB.3,0
WRK.3,0
WST.3,10
WTW.3,0
WY.3,0
WYNN.3,0
XEL.3,0
XOM.3,0
XRAY.3,11
XYL.3,0
YUM.3,0
ZBH.3,0
ZBRA.3,0
ZION.3,32
ZTS.3,3
A.4,0
AAL.4,0
AAPL.4,0
ABBV.4,0
ABNB.4,8
ABT.4,0
ACGL.4,0
ACN.4,0
ADBE.4,0
ADI.4,0
ADM.4,0
ADP.4,0
ADSK.4,0
AEE.4,1
AEP.4,0
AES.4,0
AFL.4,0
AIG.4,0
AIZ.4,1
AJG.4,0
AKAM.4,0
ALB.4,2
ALGN.4,13
ALK.4,0
ALL.4,0
ALLE.4,0
AMAT.4,0
AMCR.4,0
AMD.4,0
AME.4,0
AMGN.4,0
AMP.4,0
AMT.4,2
AMZN.4,0
ANET.4,0
ANSS.4,4
AON.4,2
AOS.4,6
APA.4,0
APD.4,4
APH.4,0
APTV.4,5
ARE.4,58
ATO.4,2
AVB.4,0
AVGO.4,0
AVY.4,0
AWK.4,22
AXON.4,0
AXP.4,0
AZO.4,0
BA.4,19
BAC.4,1
BALL.4,4
BAX.4,0
BBWI.4,5
BBY.4,0
BDX.4,4
BEN.4,0
BF.B.4,0
BG.4,0
BIIB.4,3
BIO.4,0
BK.4,17
BKNG.4,0
BKR.4,0
BLK.4,0
BMY.4,0
BR.4,0
BRK.B.4,0
BRO.4,0
BSX.4,0
BWA.4,11
BX.4,0
BXP.4,0
C.4,0
CAG.4,0
CAH.4,0
CARR.4,0
CAT.4,0
CB.4,0
CBOE.4,0
CBRE.4,0
CCI.4,0
CCL.4,0
CDAY.4,0
CDNS.4,0
CDW.4,0
CE.4,0
CEG.4,0
CF.4,0
CFG.4,39
CHD.4,0
CHRW.4,0
CHTR.4,0
CI.4,0
CINF.4,17
CL.4,3
CLX.4,3
CMA.4,30
CMCSA.4,0
CME.4,0
CMG.4,0
CMI.4,0
CMS.4,0
CNC.4,5
CNP.4,0
COF.4,0
COO.4,0
COP.4,0
COR.4,0
COST.4,0
CPB.4,0
CPRT.4,0
CPT.4,15
CRL.4,27
CRM.4,14
CSCO.4,0
CSGP.4,0
CSX.4,1
CTAS.4,0
CTLT.4,43
CTRA.4,0
CTSH.4,0
CTVA.4,0
CVS.4,28
CVX.4,0
CZR.4,0
D.4,0
DAL.4,0
DD.4,0
DE.4,0
DFS.4,0
DG.4,0
DGX.4,0
DHI.4,0
DHR.4,0
DIS.4,0
DLR.4,0
DLTR.4,0
DOV.4,2
DOW.4,0
DPZ.4,0
DRI.4,0
DTE.4,1
DUK.4,0
DVA.4,0
DVN.4,18
DXCM.4,5
EA.4,0
EBAY.4,14
ECL.4,0
ED.4,1
EFX.4,9
EG.4,0
EIX.4,2
EL.4,0
ELV.4,1
EMN.4,4
EMR.4,0
ENPH.4,0
EOG.4,0
EPAM.4,1
EQIX.4,0
EQR.4,0
EQT.4,0
ES.4,0
ESS.4,0
ETN.4,0
ETR.4,0
ETSY.4,0
EVRG.4,1
EW.4,0
EXC.4,1
EXPD.4,0
EXPE.4,0
EXR.4,0
F.4,19
FANG.4,0
FAST.4,0
FCX.4,0
FDS.4,0
FDX.4,0
FE.4,0
FFIV.4,0
FI.4,2
FICO.4,0
FIS.4,17
FITB.4,44
FLT.4,0
FMC.4,0
FOX.4,0
FOXA.4,0
FRT.4,0
FSLR.4,0
FTNT.4,0
FTV.4,0
GD.4,0
GE.4,0
GEHC.4,0
GEN.4,0
GILD.4,0
GIS.4,0
GL.4,0
GLW.4,2
GM.4,0
GNRC.4,26
GOOG.4,0
GOOGL.4,0
GPC.4,2
GPN.4,0
GRMN.4,3
GS.4,0
GWW.4,22
HAL.4,0
HAS.4,0
HBAN.4,31
HCA.4,0
HD.4,0
HES.4,0
HIG.4,2
HII.4,0
HLT.4,6
HOLX.4,0
HON.4,0
HPE.4,0
HPQ.4,0
HRL.4,64
HSIC.4,9
HST.4,0
HSY.4,0
HUBB.4,0
HUM.4,10
HWM.4,0
IBM.4,0
ICE.4,7
IDXX.4,17
IEX.4,0
IFF.4,0
ILMN.4,0
INCY.4,0
INTC.4,0
INTU.4,0
INVH.4,0
IP.4,0
IPG.4,0
IQV.4,0
IR.4,0
IRM.4,0
ISRG.4,0
IT.4,9
ITW.4,1
IVZ.4,0
J.4,0
JBHT.4,0
JCI.4,0
JKHY.4,0
JNJ.4,4
JNPR.4,0
JPM.4,0
K.4,0
KDP.4,0
KEY.4,46
KEYS.4,0
KHC.4,0
KIM.4,0
KLAC.4,0
KMB.4,0
KMI.4,1
KMX.4,0
KO.4,15
KR.4,0
KVUE.4,0
L.4,0
LDOS.4,18
LEN.4,0
LH.4,0
LHX.4,0
LIN.4,2
LKQ.4,10
LLY.4,0
LMT.4,9
LNT.4,1
LOW.4,0
LRCX.4,0
LULU.4,0
LUV.4,3
LVS.4,0
LW.4,0
LYB.4,0
LYV.4,0
MA.4,0
MAA.4,15
MAR.4,0
MAS.4,0
MCD.4,0
MCHP.4,4
MCK.4,0
MCO.4,0
MDLZ.4,0
MDT.4,0
MET.4,0
META.4,0
MGM.4,3
MHK.4,2
MKC.4,0
MKTX.4,0
MLM.4,0
MMC.4,0
MMM.4,13
MNST.4,0
MO.4,4
MOH.4,0
MOS.4,0
MPC.4,0
MPWR.4,4
MRK.4,0
MRNA.4,0
MRO.4,0
MS.4,13
MSCI.4,0
MSFT.4,0
MSI.4,0
MTB.4,0
MTCH.4,0
MTD.4,0
MU.4,0
NCLH.4,2
NDAQ.4,4
NDSN.4,0
NEE.4,19
NEM.4,0
NFLX.4,0
NI.4,6
NKE.4,0
NOC.4,5
NOW.4,0
NRG.4,10
NSC.4,0
NTAP.4,0
NTRS.4,0
NUE.4,0
NVDA.4,0
NVR.4,0
NWS.4,0
NWSA.4,0
NXPI.4,0
O.4,1
ODFL.4,0
OKE.4,0
OMC.4,0
ON.4,0
ORCL.4,0
ORLY.4,0
OTIS.4,0
OXY.4,0
PANW.4,0
PARA.4,0
PAYC.4,19
PAYX.4,0
PCAR.4,0
PCG.4,0
PEAK.4,60
PEG.4,6
PEP.4,0
PFE.4,5
PFG.4,0
PG.4,0
PGR.4,6
PH.4,0
PHM.4,0
PKG.4,0
PLD.4,21
PM.4,0
PNC.4,37
PNR.4,0
PNW.4,0
PODD.4,0
POOL.4,4
PPG.4,0
PPL.4,0
PRU.4,0
PSA.4,8
PSX.4,0
PTC.4,0
PWR.4,0
PXD.4,0
PYPL.4,0
QCOM.4,0
QRVO.4,0
RCL.4,0
REG.4,0
REGN.4,0
RF.4,0
RHI.4,15
RJF.4,0
RL.4,3
RMD.4,0
ROK.4,10
ROL.4,0
ROP.4,0
ROST.4,0
RSG.4,0
RTX.4,0
RVTY.4,11
SBAC.4,0
SBUX.4,0
SCHW.4,2
SEDG.4,0
SEE.4,0
SHW.4,0
SJM.4,35
SLB.4,0
SNA.4,0
SNPS.4,0
SO.4,0
SPG.4,0
SPGI.4,0
SRE.4,0
STE.4,0
STLD.4,22
STT.4,27
STX.4,0
STZ.4,0
SWK.4,0
SWKS.4,0
SYF.4,0
SYK.4,0
SYY.4,0
T.4,0
TAP.4,0
TDG.4,0
TDY.4,0
TECH.4,7
TEL.4,3
TER.4,0
TFC.4,46
TFX.4,0
TGT.4,0
TJX.4,0
TMO.4,9
TMUS.4,1
TPR.4,0
TRGP.4,0
TRMB.4,5
TROW.4,15
TRV.4,0
TSCO.4,0
TSLA.4,0
TSN.4,0
TT.4,0
TTWO.4,0
TXN.4,11
TXT.4,0
TYL.4,0
UAL.4,0
UDR.4,13
UHS.4,0
ULTA.4,0
UNH.4,0
UNP.4,3
UPS.4,11
URI.4,0
USB.4,5
V.4,0
VFC.4,21
VICI.4,4
VLO.4,0
VLTO.4,0
VMC.4,0
VRSK.4,0
VRSN.4,0
VRTX.4,0
VTR.4,0
VTRS.4,0
VZ.4,0
WAB.4,0
WAT.4,0
WBA.4,0
WBD.4,0
WDC.4,0
WEC.4,0
WELL.4,0
WFC.4,0
WHR.4,5
WM.4,0
WMB.4,0
WMT.4,0
WRB.4,0
WRK.4,0
WST.4,14
WTW.4,0
WY.4,0
WYNN.4,0
XEL.4,0
XOM.4,0
XRAY.4,11
XYL.4,0
YUM.4,0
ZBH.4,0
ZBRA.4,0
ZION.4,31
ZTS.4,1
A.5,9
AAL.5,11
AAPL.5,12
ABBV.5,13
ABNB.5,13
ABT.5,11
ACGL.5,13
ACN.5,12
ADBE.5,20
ADI.5,12
ADM.5,15
ADP.5,11
ADSK.5,7
AEE.5,7
AEP.5,12
AES.5,14
AFL.5,11
AIG.5,16
AIZ.5,10
AJG.5,12
AKAM.5,14
ALB.5,16
ALGN.5,12
ALK.5,8
ALL.5,10
ALLE.5,12
AMAT.5,12
AMCR.5,15
AMD.5,10
AME.5,9
AMGN.5,13
AMP.5,20
AMT.5,7
AMZN.5,11
ANET.5,15
ANSS.5,16
AON.5,15
AOS.5,8
APA.5,11
APD.5,15
APH.5,13
APTV.5,11
ARE.5,14
ATO.5,11
AVB.5,11
AVGO.5,18
AVY.5,15
AWK.5,17
AXON.5,14
AXP.5,13
AZO.5,13
BA.5,10
BAC.5,14
BALL.5,18
BAX.5,15
BBWI.5,7
BBY.5,11
BDX.5,18
BEN.5,20
BF.B.5,0
BG.5,13
BIIB.5,12
BIO.5,13
BK.5,14
BKNG.5,13
BKR.5,9
BLK.5,17
BMY.5,16
BR.5,13
BRK.B.5,0
BRO.5,12
BSX.5,8
BWA.5,15
BX.5,14
BXP.5,11
C.5,15
CAG.5,12
CAH.5,14
CARR.5,9
CAT.5,15
CB.5,10
CBOE.5,13
CBRE.5,13
CCI.5,7
CCL.5,9
CDAY.5,16
CDNS.5,15
CDW.5,6
CE.5,11
CEG.5,8
CF.5,9
CFG.5,13
CHD.5,10
CHRW.5,18
CHTR.5,10
CI.5,10
CINF.5,25
CL.5,13
CLX.5,13
CMA.5,14
CMCSA.5,12
CME.5,10
CMG.5,12
CMI.5,8
CMS.5,16
CNC.5,13
CNP.5,6
COF.5,20
COO.5,13
COP.5,14
COR.5,16
COST.5,14
CPB.5,11
CPRT.5,13
CPT.5,7
CRL.5,12
CRM.5,13
CSCO.5,17
CSGP.5,16
CSX.5,15
CTAS.5,10
CTLT.5,18
CTRA.5,10
CTSH.5,13
CTVA.5,12
CVS.5,15
CVX.5,9
CZR.5,8
D.5,6
DAL.5,15
DD.5,10
DE.5,10
DFS.5,16
DG.5,18
DGX.5,14
DHI.5,11
DHR.5,16
DIS.5,12
DLR.5,14
DLTR.5,11
DOV.5,13
DOW.5,13
DPZ.5,17
DRI.5,12
DTE.5,7
DUK.5,10
DVA.5,17
DVN.5,13
DXCM.5,9
EA.5,15
EBAY.5,13
ECL.5,13
ED.5,13
EFX.5,14
EG.5,15
EIX.5,7
EL.5,16
ELV.5,11
EMN.5,10
EMR.5,21
ENPH.5,17
EOG.5,9
EPAM.5,15
EQIX.5,14
EQR.5,10
EQT.5,8
ES.5,11
ESS.5,11
ETN.5,14
ETR.5,11
ETSY.5,15
EVRG.5,12
EW.5,10
EXC.5,10
EXPD.5,10
EXPE.5,15
EXR.5,10
F.5,13
FANG.5,11
FAST.5,11
FCX.5,12
FDS.5,6
FDX.5,12
FE.5,8
FFIV.5,14
FI.5,16
FICO.5,12
FIS.5,12
FITB.5,16
FLT.5,10
FMC.5,14
FOX.5,10
FOXA.5,8
FRT.5,8
FSLR.5,11
FTNT.5,24
FTV.5,14
GD.5,11
GE.5,11
GEHC.5,17
GEN.5,14
GILD.5,17
GIS.5,8
GL.5,5
GLW.5,11
GM.5,10
GNRC.5,15
GOOG.5,14
GOOGL.5,18
GPC.5,17
GPN.5,11
GRMN.5,9
GS.5,13
GWW.5,8
HAL.5,8
HAS.5,17
HBAN.5,14
HCA.5,12
HD.5,10
HES.5,21
HIG.5,17
HII.5,7
HLT.5,11
HOLX.5,13
HON.5,12
HPE.5,9
HPQ.5,14
HRL.5,20
HSIC.5,16
HST.5,8
HSY.5,5
HUBB.5,17
HUM.5,15
HWM.5,16
IBM.5,13
ICE.5,9
IDXX.5,12
IEX.5,14
IFF.5,12
ILMN.5,16
INCY.5,19
INTC.5,11
INTU.5,13
INVH.5,11
IP.5,12
IPG.5,14
IQV.5,10
IR.5,6
IRM.5,11
ISRG.5,16
IT.5,14
ITW.5,21
IVZ.5,7
J.5,12
JBHT.5,17
JCI.5,10
JKHY.5,17
JNJ.5,26
JNPR.5,11
JPM.5,21
K.5,13
KDP.5,20
KEY.5,13
KEYS.5,23
KHC.5,19
KIM.5,8
KLAC.5,10
KMB.5,16
KMI.5,10
KMX.5,15
KO.5,13
KR.5,20
KVUE.5,16
L.5,8
LDOS.5,14
LEN.5,11
LH.5,9
LHX.5,9
LIN.5,16
LKQ.5,14
LLY.5,10
LMT.5,11
LNT.5,9
LOW.5,7
LRCX.5,15
LULU.5,19
LUV.5,10
LVS.5,14
LW.5,18
LYB.5,12
LYV.5,13
MA.5,8
MAA.5,8
MAR.5,12
MAS.5,11
MCD.5,12
MCHP.5,12
MCK.5,10
MCO.5,13
MDLZ.5,10
MDT.5,6
MET.5,14
META.5,15
MGM.5,10
MHK.5,9
MKC.5,23
MKTX.5,13
MLM.5,8
MMC.5,11
MMM.5,19
MNST.5,8
MO.5,13
MOH.5,11
MOS.5,13
MPC.5,10
MPWR.5,15
MRK.5,12
MRNA.5,19
MRO.5,10
MS.5,14
MSCI.5,15
MSFT.5,20
MSI.5,13
MTB.5,20
MTCH.5,12
MTD.5,9
MU.5,20
NCLH.5,6
NDAQ.5,16
NDSN.5,11
NEE.5,23
NEM.5,19
NFLX.5,17
NI.5,7
NKE.5,10
NOC.5,10
NOW.5,13
NRG.5,19
NSC.5,15
NTAP.5,15
NTRS.5,19
NUE.5,11
NVDA.5,14
NVR.5,12
NWS.5,4
NWSA.5,14
NXPI.5,15
O.5,11
ODFL.5,14
OKE.5,18
OMC.5,11
ON.5,14
ORCL.5,17
ORLY.5,14
OTIS.5,7
OXY.5,11
PANW.5,15
PARA.5,21
PAYC.5,22
PAYX.5,10
PCAR.5,9
PCG.5,12
PEAK.5,9
PEG.5,9
PEP.5,10
PFE.5,12
PFG.5,15
PG.5,10
PGR.5,14
PH.5,9
PHM.5,11
PKG.5,9
PLD.5,11
PM.5,12
PNC.5,18
PNR.5,11
PNW.5,10
PODD.5,13
POOL.5,13
PPG.5,15
PPL.5,10
PRU.5,14
PSA.5,14
PSX.5,10
PTC.5,14
PWR.5,17
PXD.5,18
PYPL.5,14
QCOM.5,18
QRVO.5,13
RCL.5,7
REG.5,5
REGN.5,18
RF.5,15
RHI.5,14
RJF.5,17
RL.5,11
RMD.5,9
ROK.5,13
ROL.5,20
ROP.5,8
ROST.5,16
RSG.5,14
RTX.5,18
RVTY.5,12
SBAC.5,9
SBUX.5,12
SCHW.5,24
SEDG.5,12
SEE.5,16
SHW.5,8
SJM.5,10
SLB.5,13
SNA.5,13
SNPS.5,13
SO.5,6
SPG.5,17
SPGI.5,9
SRE.5,10
STE.5,9
STLD.5,17
STT.5,12
STX.5,18
STZ.5,15
SWK.5,9
SWKS.5,7
SYF.5,14
SYK.5,14
SYY.5,14
T.5,20
TAP.5,14
TDG.5,13
TDY.5,13
TECH.5,14
TEL.5,7
TER.5,16
TFC.5,18
TFX.5,13
TGT.5,13
TJX.5,13
TMO.5,9
TMUS.5,18
TPR.5,14
TRGP.5,10
TRMB.5,14
TROW.5,17
TRV.5,12
TSCO.5,8
TSLA.5,1
TSN.5,13
TT.5,8
TTWO.5,22
TXN.5,7
TXT.5,12
TYL.5,10
UAL.5,15
UDR.5,13
UHS.5,9
ULTA.5,16
UNH.5,9
UNP.5,16
UPS.5,14
URI.5,18
USB.5,18
V.5,17
VFC.5,11
VICI.5,9
VLO.5,13
VLTO.5,3
VMC.5,13
VRSK.5,12
VRSN.5,12
VRTX.5,10
VTR.5,8
VTRS.5,13
VZ.5,8
WAB.5,6
WAT.5,10
WBA.5,18
WBD.5,16
WDC.5,18
WEC.5,11
WELL.5,19
WFC.5,16
WHR.5,10
WM.5,13
WMB.5,9
WMT.5,18
WRB.5,14
WRK.5,13
WST.5,16
WTW.5,13
WY.5,8
WYNN.5,11
XEL.5,15
XOM.5,15
XRAY.5,21
XYL.5,13
YUM.5,12
ZBH.5,17
ZBRA.5,11
ZION.5,12
ZTS.5,8
